{
  "bytes": 35523385,
  "datahub": {
    "created": "2017-11-09T01:17:08.428390",
    "findability": "published",
    "flowid": "core/imf-weo/8",
    "modified": "2018-03-15T06:36:30.502270",
    "owner": "core",
    "ownerid": "core"
  },
  "hash": "66683c8cd9fb084bfac18e822e37677e",
  "homepage": "http://www.imf.org/external/ns/cs.aspx?id=28",
  "id": "core/imf-weo",
  "license": "PDDL-1.0",
  "name": "imf-weo",
  "resources": [
    {
      "bytes": 23913,
      "datahub": {
        "type": "original"
      },
      "dpp:streamedFrom": "https://s3.amazonaws.com/rawstore.datahub.io/958ff6ddf6f40345b6376aec7224c794.csv",
      "encoding": "utf-8",
      "format": "csv",
      "mediatype": "text/csv",
      "name": "indicators_original",
      "path": "archive/indicators.csv",
      "profile": "data-resource",
      "schema": {
        "fields": [
          {
            "description": "",
            "name": "id",
            "type": "string"
          },
          {
            "description": "",
            "name": "title",
            "type": "string"
          },
          {
            "description": "",
            "name": "description",
            "type": "string"
          },
          {
            "description": "",
            "name": "units",
            "type": "string"
          },
          {
            "description": "",
            "name": "scale",
            "type": "string"
          }
        ]
      }
    },
    {
      "bytes": 6860960,
      "datahub": {
        "type": "original"
      },
      "dpp:streamedFrom": "https://s3.amazonaws.com/rawstore.datahub.io/4e048c257c1baef7f58a326347f86c08.csv",
      "encoding": "utf-8",
      "format": "csv",
      "mediatype": "text/csv",
      "name": "values_original",
      "path": "archive/values.csv",
      "profile": "data-resource",
      "schema": {
        "fields": [
          {
            "description": "",
            "name": "Country",
            "type": "string"
          },
          {
            "description": "",
            "name": "Indicator",
            "type": "string"
          },
          {
            "description": "",
            "name": "Year",
            "type": "integer"
          },
          {
            "description": "",
            "name": "Value",
            "type": "string"
          }
        ]
      }
    },
    {
      "bytes": 1047,
      "datahub": {
        "type": "derived/report"
      },
      "description": "Validation report for tabular data",
      "dpp:streamedFrom": "/tmp/tmpl3c7v5sd/core/imf-weo/validation_report/data/fe77df8533f31c7e9cf11664cc8ab265/validation_report.json",
      "encoding": "utf-8",
      "format": "json",
      "hash": "fe77df8533f31c7e9cf11664cc8ab265",
      "name": "validation_report",
      "path": "data/validation_report.json",
      "profile": "data-resource"
    },
    {
      "bytes": 23912,
      "datahub": {
        "derivedFrom": [
          "indicators"
        ],
        "type": "derived/csv"
      },
      "dialect": {
        "delimiter": ",",
        "doubleQuote": true,
        "lineTerminator": "\r\n",
        "quoteChar": "\"",
        "skipInitialSpace": false
      },
      "dpp:streamedFrom": "/tmp/tmpl3c7v5sd/core/imf-weo/indicators_csv/data/9e54aeb36ab7f112a6c7db2d81f83fae/indicators_csv.csv",
      "encoding": "utf-8",
      "format": "csv",
      "hash": "9e54aeb36ab7f112a6c7db2d81f83fae",
      "mediatype": "text/csv",
      "name": "indicators_csv",
      "path": "data/indicators_csv.csv",
      "profile": "data-resource",
      "rowcount": 44,
      "schema": {
        "fields": [
          {
            "description": "",
            "name": "id",
            "type": "string"
          },
          {
            "description": "",
            "name": "title",
            "type": "string"
          },
          {
            "description": "",
            "name": "description",
            "type": "string"
          },
          {
            "description": "",
            "name": "units",
            "type": "string"
          },
          {
            "description": "",
            "name": "scale",
            "type": "string"
          }
        ]
      },
      "signed": true
    },
    {
      "bytes": 6860960,
      "datahub": {
        "derivedFrom": [
          "values"
        ],
        "type": "derived/csv"
      },
      "dialect": {
        "delimiter": ",",
        "doubleQuote": true,
        "lineTerminator": "\r\n",
        "quoteChar": "\"",
        "skipInitialSpace": false
      },
      "dpp:streamedFrom": "/tmp/tmpl3c7v5sd/core/imf-weo/values_csv/data/9ff413a778fd38ef165daa1b9754fb67/values_csv.csv",
      "encoding": "utf-8",
      "format": "csv",
      "hash": "9ff413a778fd38ef165daa1b9754fb67",
      "mediatype": "text/csv",
      "name": "values_csv",
      "path": "data/values_csv.csv",
      "profile": "data-resource",
      "rowcount": 289643,
      "schema": {
        "fields": [
          {
            "description": "",
            "name": "Country",
            "type": "string"
          },
          {
            "description": "",
            "name": "Indicator",
            "type": "string"
          },
          {
            "description": "",
            "name": "Year",
            "type": "integer"
          },
          {
            "description": "",
            "name": "Value",
            "type": "string"
          }
        ]
      },
      "signed": true
    },
    {
      "bytes": 26609,
      "datahub": {
        "derivedFrom": [
          "indicators"
        ],
        "type": "derived/json"
      },
      "dpp:streamedFrom": "/tmp/tmpl3c7v5sd/core/imf-weo/indicators_json/data/bf46234cf9e31d53d96f45bb3de3de4e/indicators_json.json",
      "encoding": "utf-8",
      "format": "json",
      "hash": "bf46234cf9e31d53d96f45bb3de3de4e",
      "mediatype": "text/csv",
      "name": "indicators_json",
      "path": "data/indicators_json.json",
      "profile": "data-resource",
      "rowcount": 44,
      "schema": {
        "fields": [
          {
            "description": "",
            "name": "id",
            "type": "string"
          },
          {
            "description": "",
            "name": "title",
            "type": "string"
          },
          {
            "description": "",
            "name": "description",
            "type": "string"
          },
          {
            "description": "",
            "name": "units",
            "type": "string"
          },
          {
            "description": "",
            "name": "scale",
            "type": "string"
          }
        ]
      },
      "signed": true
    },
    {
      "bytes": 21724072,
      "datahub": {
        "derivedFrom": [
          "values"
        ],
        "type": "derived/json"
      },
      "dpp:streamedFrom": "/tmp/tmpl3c7v5sd/core/imf-weo/values_json/data/2e5adb56fa68c17c04bdcad0fa654a69/values_json.json",
      "encoding": "utf-8",
      "format": "json",
      "hash": "2e5adb56fa68c17c04bdcad0fa654a69",
      "mediatype": "text/csv",
      "name": "values_json",
      "path": "data/values_json.json",
      "profile": "data-resource",
      "rowcount": 289643,
      "schema": {
        "fields": [
          {
            "description": "",
            "name": "Country",
            "type": "string"
          },
          {
            "description": "",
            "name": "Indicator",
            "type": "string"
          },
          {
            "description": "",
            "name": "Year",
            "type": "integer"
          },
          {
            "description": "",
            "name": "Value",
            "type": "string"
          }
        ]
      },
      "signed": true
    },
    {
      "bytes": 1912,
      "dpp:streamedFrom": "/tmp/tmpyzht85d1/README.md",
      "format": "md",
      "name": "readme",
      "path": "README.md"
    }
  ],
  "sources": [
    {
      "name": "IMF",
      "path": "http://www.imf.org/external/ns/cs.aspx?id=28",
      "title": "IMF"
    }
  ],
  "title": "IMF World Economic Outlook Database",
  "version": "0.1.0"
}